sender_id,user_text,bot_text,response_time
2596384490479200,https://reviewtcm.com/wp-content/uploads/xe-day-vova.jpg có giá bao nhiêu?,"Sản phẩm  Xe Đẩy  hiện shop đang có giá: *8,590,000 VND (giá gốc 8,590,000 VND)*.
Bạn tham khảo các sản phẩm sau nhé ạ:",11.0
2596384490479200,https://reviewtcm.com/wp-content/uploads/xe-day-vova.jpg có giá bao nhiêu?,"Sản phẩm  Xe Đẩy  hiện shop đang có giá: *8,590,000 VND (giá gốc 8,590,000 VND)*.
Bạn tham khảo các sản phẩm sau nhé ạ:",11.0
2518758118198501,"Shop ơi bên mình còn xe chòi chân nt hình ảnh ko?
https://scontent.xx.fbcdn.net/v/t1.15752-9/104199784_185615922885463_2292578923557911617_n.jpg?_nc_cat=102&_nc_sid=b96e70&_nc_ohc=lOWAeSgR-YYAX9ozXkf&_nc_ad=z-m&_nc_cid=0&_nc_ht=scontent.xx&oh=4c418edb689dedc7877d265e855477e6&oe=5F0F9D9A",Bạn vui lòng bấm vào sản phẩm để xem ảnh và thông tin chi tiết nhé!,16.0
2705623442806274,cái này bao nhiêu bạn?,"Sản phẩm  Ghế Ăn  hiện shop đang có giá: *450,000 VND (giá gốc 599,000 VND)*.
Bạn tham khảo các sản phẩm sau nhé ạ:",10.0
2820624228046991,https://scontent.xx.fbcdn.net/v/t1.15752-9/101784704_2153006441511637_4173048845534648478_n.png?_nc_cat=100&_nc_sid=b96e70&_nc_oc=AQl9HZVedAgy5KltXFVvLrPfrX_qlfbAfG17iFX0jzF5t3J7uIzNeuY98_ZqhhXS5PnGk1F8saKmNXatAeCPtQ-I&_nc_ad=z-m&_nc_cid=0&_nc_ht=scontent.xx&oh=8fde8cc48c31c1eb0af9a154323471f5&oe=5F041EFC,"Dạ, có phải bạn muốn hỏi một trong các sản phẩm dưới đây không ạ?
 (Vui lòng ấn chọn 1 sản phẩm)",23.0
3577119975705736,"https://scontent.xx.fbcdn.net/v/t1.15752-9/102678487_1356514954736551_4619510193924003843_n.jpg?_nc_cat=107&_nc_sid=b96e70&_nc_ohc=3u3ag_v0bVkAX87z9FM&_nc_ad=z-m&_nc_cid=0&_nc_ht=scontent.xx&oh=4645794f324f6a59dd4efed1843bf881&oe=5F01FD74
Cả set này đó c","Sản phẩm  Bàn ghế đa năng Lego Holla chính hãng / Mẫu Gấu  hiện shop đang có mức giá: *890,000 VND (giá gốc 1,400,000 VND)*.
",17.0
4506969552662036,https://scontent.xx.fbcdn.net/v/t1.15752-9/101068651_343896426579181_5166309997356777472_n.png?_nc_cat=103&_nc_sid=b96e70&_nc_ohc=sxSrG2Mj7LEAX_V0waJ&_nc_ad=z-m&_nc_cid=0&_nc_ht=scontent.xx&oh=1f86a695071f093522e832593a27ae0c&oe=5EFE16E6,"Dạ, có phải bạn muốn hỏi một trong các sản phẩm dưới đây không ạ?
 (Vui lòng ấn chọn 1 sản phẩm)",16.0
2943168532468545,"https://scontent.xx.fbcdn.net/v/t1.15752-9/96564789_281925776304547_6188056341681012736_n.jpg?_nc_cat=100&_nc_sid=b96e70&_nc_ohc=MRuSUYD4DaIAX_vXlsr&_nc_ad=z-m&_nc_cid=0&_nc_ht=scontent.xx&oh=95fb4918f595e35b210600277d466e98&oe=5EFC9AAD
Shop có thảm này k ạ","Dạ, có phải bạn muốn hỏi một trong các sản phẩm dưới đây không ạ?
 (Vui lòng ấn chọn 1 sản phẩm)",25.0
4334324123248285,M muốn lấy bộ giống tn,"Dạ, có phải bạn muốn hỏi một trong các sản phẩm dưới đây không ạ?
 (Vui lòng ấn chọn 1 sản phẩm)",12.0
1401532916611367,"https://scontent.xx.fbcdn.net/v/t1.15752-9/97671938_2652902514813734_2098650299341209600_n.jpg?_nc_cat=108&_nc_sid=b96e70&_nc_oc=AQkxSPNmt0E1CmizKhijuuZKhBYantqFGy5KcSp3PRNyepb3z6k2KWK5J2BTFfRdzW7HfdtouiJ8DV_4DgEikPSo&_nc_ad=z-m&_nc_cid=0&_nc_zor=9&_nc_ht=scontent.xx&oh=7222d3968743418083b3f8f82b9763e2&oe=5EEAFA64
bên bạn còn xe này k a
sáng mai mình qua xem dc k","Dạ, có phải bạn muốn hỏi một trong các sản phẩm dưới đây không ạ?
 (Vui lòng ấn chọn 1 sản phẩm)",13.0
1997624863591401,"https://scontent.xx.fbcdn.net/v/t1.15752-9/97335703_269571614236933_7668871858871074816_n.jpg?_nc_cat=103&_nc_sid=b96e70&_nc_oc=AQkG4JNVAWprWSEH7uFcmAXC2f93SSB83gFuVS2lSDakR3B7RrmBNSQVRceq-hxyyWDWV2DY_YlW8S1tlXwXQmNv&_nc_ad=z-m&_nc_cid=0&_nc_zor=9&_nc_ht=scontent.xx&oh=ae4cff4f312974facbf15bfb0c9cc9ca&oe=5EE9449D
https://scontent.xx.fbcdn.net/v/t1.15752-9/99104633_193742088364240_7309464356977115136_n.jpg?_nc_cat=101&_nc_sid=b96e70&_nc_oc=AQmz6RytvnKA67kxVScU35ylUM48EKMUIG98mKoXzWIvqs9XL91W2MzGHNj5BaQSAQgFWvlNn35NrYaTi-B1RD-2&_nc_ad=z-m&_nc_cid=0&_nc_zor=9&_nc_ht=scontent.xx&oh=9bafed78330ef63e4ca40b3def5f6f4d&oe=5EEA532C
https://scontent.xx.fbcdn.net/v/t1.15752-9/97781921_701221944014184_4381686937723863040_n.jpg?_nc_cat=110&_nc_sid=b96e70&_nc_oc=AQkruVDV5Z0IU0gyQaU2Q3dx0CUSNFMkQt-0AGnbVu1uZVZ-oO6csMdqzdtjcXbosgnr_9ByX5053c7k2ZOk4uK1&_nc_ad=z-m&_nc_cid=0&_nc_zor=9&_nc_ht=scontent.xx&oh=11d50fdea741af5ff05aad90efb7a7bf&oe=5EE8CEF4
https://scontent.xx.fbcdn.net/v/t1.15752-9/99011068_335322400774118_1043726397807263744_n.jpg?_nc_cat=106&_nc_sid=b96e70&_nc_oc=AQmAlPPgz47FzEBk6DJqFbA8Jz5wA4U880csClS3b_iVnTPgQRaCQu1j_75qtjGpcVFowXdrH85ls27J7RdAxcgP&_nc_ad=z-m&_nc_cid=0&_nc_zor=9&_nc_ht=scontent.xx&oh=3a42d0341ff1ec46e4e9f402a356da53&oe=5EEAFC9C","Sản phẩm  Đàn piano cổ điển kèm Mic Winfun 2045  hiện shop đang có giá: *950,000 VND (giá gốc 1,500,000 VND)*.
Bạn tham khảo các sản phẩm sau nhé ạ:",11.0
3004396606321800,"https://scontent.xx.fbcdn.net/v/t1.15752-9/93942919_236576060921353_8212294017631649792_n.jpg?_nc_cat=110&_nc_sid=b96e70&_nc_ohc=x7L3d8CsyC4AX9jTMxO&_nc_ad=z-m&_nc_cid=0&_nc_zor=9&_nc_ht=scontent.xx&oh=35be75d9220bfb0bd5b9d37949f56726&oe=5EBFCEBD
Báo giá giúp mình
Và bên b có bàn gội đàu cho bé k
Có sẵn k bạn","Dạ, có phải bạn muốn hỏi một trong các sản phẩm dưới đây không ạ?
 (Vui lòng ấn chọn 1 sản phẩm)",17.0
2061826223858938,"https://scontent.xx.fbcdn.net/v/t1.15752-9/93580519_538582043761954_1298513551547170816_n.jpg?_nc_cat=110&_nc_sid=b96e70&_nc_ohc=V-gNgxOgT4YAX91GbRA&_nc_ad=z-m&_nc_cid=0&_nc_zor=9&_nc_ht=scontent.xx&oh=37247cf249e08d7d0658803b3f22d363&oe=5EBED552
Bộ này bn ah","Sản phẩm  Bộ đồ chơi nhà bếp thông minh  hiện shop đang có giá: *790,000 VND (giá gốc 790,000 VND)*.
Bạn tham khảo các sản phẩm sau nhé ạ:",18.0
3155661314464635,Chó này này giá bao nhiêu vậy shop,"Dạ, có phải bạn muốn hỏi một trong các sản phẩm dưới đây không ạ?
 (Vui lòng ấn chọn 1 sản phẩm)",15.0
2219153584822119,"Mẫu cầu trượt này báo giá giúp e nhé
https://scontent.xx.fbcdn.net/v/t1.15752-9/92989817_2941090232617285_7762728477815472128_n.jpg?_nc_cat=109&_nc_sid=b96e70&_nc_ohc=15xhgRV8HgAAX9q4suE&_nc_ad=z-m&_nc_cid=0&_nc_zor=9&_nc_ht=scontent.xx&oh=ba92c28af571898e3d200043dab41de7&oe=5EB61F06","Dạ, có phải bạn muốn hỏi một trong các sản phẩm dưới đây không ạ?",12.0
3001130206613177,/greet,"Chào Hung Tran, mình là trợ lý ảo của Shop Gấu & Bí Ngô",37.0
1722124384486719,/buy_in_shopee,"Quý Nguyễn ơi, bạn đã đặt hàng thành công chưa ? Có cần shop giúp gì không ",30.0
1722124384486719,/buy_in_shopee,"Quý Nguyễn ơi, bạn đã đặt hàng thành công chưa ? Có cần shop giúp gì không ",31.0
