feature,target
bên mình có máy hút sữa này không,uc_1
loại này còn không ạ,uc_1
"có cỡ 1,6*2m không bạn",uc_1
em có hàng sẵn không,uc_1
kệ này còn không shop,uc_1
có mẩu này không shop,uc_1
còn bộ này không bạn,uc_1
có cầu trượt đơn không shop,uc_1
cho em hỏi còn bộ câu cá này không ạ,uc_1
bạn ơi bên mình còn sản phẩm này không,uc_1
có bán xích đu thôi không shop,uc_1
bạn ơi bên mình có sẵn mấy bộ này không,uc_1
shop còn bộ đồ chơi này không ạ,uc_1
chị ơi bộ này mình còn không ạ,uc_1
mình có xe đạp cho bé không ạ,uc_1
vui lòng cho mình hỏi sản phẩm này còn không ạ,uc_1
xe mình còn không ạh,uc_1
shop ơi bộ này còn không ạ,uc_1
shop ơi bộ quây còn màu xanh đó không ạ,uc_1
cho em hỏi mẫu này mình còn không ạ,uc_1
này còn không chị,uc_1
shop mình có bộ bảng này không ạ,uc_1
ô bên bạn có còn cầu trượt đơn này không bạn,uc_1
shop còn máy này không ạ,uc_1
shop còn xe này không,uc_1
shop có đai tập đi cho bé không ạ,uc_1
bộ này còn không bạn,uc_1
bộ lớn có màu hồng không shop ơi,uc_1
mẫu loại này có kiểu to hơn không bạn,uc_1
nhà mình có kệ để đồ chơi này không ạ,uc_1
hi bạn cho mình hỏi món này còn không ạ,uc_1
cái này còn không em,uc_1
shop còn bộ bảng nhựa không,uc_1
cho em hỏi bên mình còn mẫu này không ai,uc_1
bên shop còn sản phẩm này không,uc_1
bạn ơi bộ 3 thanh chắn giường này có sẵn size 2m2 không ạ,uc_1
shop có kiểu nay không,uc_1
bạn có mẫu thảm kiểu hươu cao cổ thế nào không ạ,uc_1
bên mình còn ghế ăn dặm này không ạ,uc_1
có cầu trượt lẻ không shop,uc_1
shop ơi shop có xe này không ạ,uc_1
bên mình còn mẫu này không ạ,uc_1
shop mình còn bán lều kiểu này không,uc_1
cho mình hỏi shop còn bán nồi này không ạ,uc_1
bên bạn còn xe thăng bằng này không bạn,uc_1
con này còn không bạn,uc_1
cầu trượt này còn không bạn ơi,uc_1
cái cầu trượt này còn không shop,uc_1
bạn ơi còn bộ này không ạ,uc_1
shop ơi shop còn mẫu này không ạ,uc_1
shop còn bộ này không ạ,uc_1
shop còn không ạ,uc_1
shop cho mình hỏi bên mình còn bán xe này không,uc_1
shop có gấu này không nhỉ,uc_1
còn hàng không shop,uc_1
shop ơi có chậu tắm này không ạ,uc_1
shop còn cầu trượt này không ạ,uc_1
bạn ơi bạn còn mẫu ti này không,uc_1
còn sản phẩm này không s,uc_1
shop có xe đẩy jovvy không ạ,uc_1
bạn ơi bên bạn có gối dốc của babymoov không,uc_1
shop mình có bộ phụ kiện này không à,uc_1
thế còn loại nào nữa không chị,uc_1
bộ bàn trang điểm này có sẵn ở shop không bạn,uc_1
bạn ơi hàng còn không,uc_1
bạn ơi bạn cho tớ hỏi shop còn sản phẩm này không ạ,uc_1
shop có bán cầu trượt riêng không ạ,uc_1
ghế này mình còn không ạ,uc_1
mình có cầu trượt này của hola không chị,uc_1
bạn ơi địu này còn không ạ,uc_1
shop ơi còn 2 mẫu này không ạ,uc_1
shop có giường này không shop,uc_1
nhà mình còn xe tập đi không bạn,uc_1
bộ này còn không bạn,uc_1
shop có ghế nhún không bạn,uc_1
có mẫu quây không chỉ gồm thảm và bóng không bạn,uc_1
bên em còn không,uc_1
xe này còn không,uc_1
chị ơi bên mình có bán xích đu và cầu trượt không,uc_1
nhà mình còn xe này không shop,uc_1
bên mình còn có thú nhún màu xanh nữa không,uc_1
cái này còn không bạn ơi,uc_1
shop có sản phẩm này không ạ,uc_1
mẫu này còn không shop,uc_1
bé 18 tháng tuổi ngồi có vừa không shop,uc_1
còn máy tiệt trùng uv fat không shop ơi,uc_1
mình có cũi vải graco không em,uc_1
mẫu cầu trượt 2in1 có không bạn,uc_1
ghế này còn không shop,uc_1
shop có lêu không,uc_1
shop cho em hỏi shop có xe chòi chân 3 bánh không ạ,uc_1
màu này còn không bạn,uc_1
máy giặt có bảo hành không rồi,uc_1
có xe này không shop,uc_1
shop còn rào chắn này không,uc_1
shop còn xe này không ạ,uc_1
còn xe joovy không bạn,uc_1
đồ chơi này còn không shop,uc_1
máy này bên bạn có không nhỉ,uc_1
shop còn xe này màu ghi không ạ,uc_1
chị ơi chị có bàn lego không,uc_1
bóng có bút viết đúng không bạn,uc_1
còn xe màu xanh không bạn,uc_1
có mấy kiểu này không ạ,uc_1
bên mình có sản phẩm nảy không ạ,uc_1
shop còn xe này không ạ,uc_1
có sẵn không em ơi,uc_1
có thảm và bóng không vậy shop hay mua riêng,uc_1
shop có xích đu nhún nhảy không ạ,uc_1
bộ này còn không ạ,uc_1
shop có bán kiểu xe dùng này cho bé không,uc_1
